metrics,global,local,global-local,conflictology_n,last,zero,conflictology,boot_240
crps,0.11800131151792524,0.12207423226544592,0.11815593923849474,0.12295527634168618,0.16460804623696923,0.13187134502923978,0.1274843207051445,0.131726818427409
ign,0.06222460478507964,0.07301300276254906,0.062280023328883084,0.1595386773047425,0.0975493368283007,0.0900180375738437,0.7893059161283261,0.08978336267289165
mis,3.191895340706837,4.165153349860154,3.1746311657767587,3.5810958555809793,5.774395340706835,5.274853801169588,3.6535303839308386,5.274853801169588
mse,16.18675433198576,19.271712445982708,18.549165108193492,16.652507765096228,18.784824285036873,17.21762013729977,18.585991397576063,18.13169522778414
mae,0.20650720823798627,0.4123311975591152,0.22885655352148485,0.1993827160493827,0.17485522501906942,0.13187134502923975,0.1894577930333079,0.287223982964658
