metrics,global,local,global-local,conflictology_n,last,zero,conflictology,boot_240
crps,0.13002749740020325,0.13757631718154037,0.13237057107805728,0.14732386036062858,0.386012014944063,0.14441266209000764,0.19188119755911517,0.1443482850432239
ign,0.056806408213902065,0.06881874717691915,0.05764233205330595,0.15587540337103623,0.10013048685303365,0.07633305872875998,0.7886733624364964,0.07701153891172904
mis,3.4406464530892436,4.484045893719804,3.5563019641495015,5.275472921434019,13.879226099669452,5.776506483600301,4.642180269514363,5.776506483600301
mse,60.55377281002415,56.31188462880117,62.1474426009916,69.3665970332284,169.81742483946732,65.81533816425122,91.44231661581489,67.00309607447875
mae,0.3105884502923977,0.4891956331045004,0.3378988812611238,0.36512122025407046,0.4048090706839562,0.14441266209000764,0.35095453004491906,0.31079082761250953
