metrics,global,local,global-local,conflictology_n,last,zero,conflictology,boot_240
crps,0.2147369328693109,0.2207338338672756,0.21760982770149961,0.2499271752471123,9.749968398779561,0.2236142893465548,0.523694274938554,0.22342468603483326
ign,0.07196432872722361,0.08205412288812862,0.0721670478107337,0.1677268781016234,0.1268227937001918,0.099648207872236,0.7957979373067124,0.09849871833881087
mis,7.345342137045505,8.778420734808027,8.153264206712425,12.133182049326246,387.1037349033813,8.944571573862184,17.02996186117467,8.944571573862184
mse,189.73874928344142,212.7937158336512,251.35148516428933,4027.0658908894766,1134057.3863556075,163.33126748029494,34704.35412587932,171.23197962652557
mae,0.35897669082125605,1.177737299771167,0.6629078057462497,1.9647237053987625,9.782654093567254,0.22361428934655478,1.957049326214086,0.4474780765319094
