metrics,global,local,global-local,conflictology_n,last,zero,conflictology,boot_240
crps,1.127449461937452,1.1288897948004066,1.126354612001017,1.1310953781917068,1.4565319912598524,1.1374713958810068,1.141903445207221,1.1372976363463003
ign,0.06755769366456477,0.07752192435232798,0.06738018374706768,0.16454280404288738,0.11801215921138353,0.09654374507867532,0.7938716349964281,0.09543591316204002
mis,43.974103419781294,44.747530193236685,43.830967931604334,44.06904271548433,56.59776585939483,45.498855835240235,43.38627701500124,45.498855835240235
mse,98532.25375047672,98528.695342458,98516.16811629369,98440.02248828499,98771.20116581113,98560.02219043988,98183.1763703492,98559.98725636824
mae,1.2460915840325455,1.4561126366641242,1.2770433511314516,1.2966308350048497,1.4768228387998983,1.137471395881007,1.28329307568438,1.2841636028476986
