metrics,global,local,global-local,conflictology_n,last,zero,conflictology,boot_240
crps,0.9245576809115179,0.9292965887554027,0.9244159551106027,0.9279422808900941,0.9703293608377829,0.9398042206966692,0.930226078481227,0.9395740963196032
ign,0.06895300670776056,0.07952469972402304,0.06911650240688191,0.16526457701372166,0.10614050939518535,0.0979375855166005,0.7930224291603956,0.09722795936369252
mis,35.29607344902109,36.30836320874648,35.26850607042967,35.453977879481286,37.924068618103206,37.592168827866736,35.048047292143366,37.592168827866736
mse,81843.22738904967,81844.3182103544,81843.63372681013,81843.014461174,81843.17562147797,81844.91887871854,81841.75684909738,81844.90884507236
mae,1.0130255975082632,1.2107073544368168,1.021195817442156,1.0189458146170578,0.9812502224764812,0.9398042206966697,0.9991408170183915,1.0793752923976607
