metrics,global,local,global-local,conflictology_n,last,zero,conflictology,boot_240
crps,0.10095708904144406,0.10396242112890883,0.10120221253496041,0.10677611567835298,0.14417008711543347,0.1154462242562929,0.11844806763285023,0.11540584762267972
ign,0.054957139253537964,0.06679332960684747,0.0552392274209085,0.15389864225280636,0.08697740686311423,0.0776635427831431,0.7860130007361468,0.0783289492174867
mis,2.562924771167047,3.578302981184843,2.6514820111873862,3.2556693363844382,5.039397724383418,4.617848970251713,3.1258860920416964,4.617848970251713
mse,17.80598853765573,16.914513799593184,22.291566082939234,18.191375655396616,18.236583269889397,17.238787185354692,32.22340399610136,18.498602274472415
mae,0.23806445461479792,0.4140757182812102,0.2743993007882024,0.23195162490229873,0.15324255657259087,0.1154462242562929,0.2180311890838207,0.286128553267226
